,age,sex,cp,trestbps,chol,fbs,restecg,thalach,exang,oldpeak,slope,ca,thal,num
count,212.0,212.0,212.0,212.0,212.0,212.0,212.0,212.0,212.0,212.0,212.0,212.0,212.0,212.0
mean,54.570754716981135,0.6933962264150944,3.1650943396226414,130.8490566037736,246.9009433962264,0.1509433962264151,1.0518867924528301,149.78301886792454,0.33490566037735847,1.0330188679245282,1.6132075471698113,0.6273584905660378,4.721698113207547,0.45754716981132076
std,8.992345001278341,0.46217472084951555,0.9957770980357741,18.63762308789533,51.636485494046504,0.3588410209234944,0.9938894950423512,22.663206800936447,0.4730745365417657,1.1297126001262536,0.6168372889832545,0.8964419419212969,1.9307688087372425,0.49937365759235375
min,29.0,0.0,1.0,94.0,126.0,0.0,0.0,71.0,0.0,0.0,1.0,0.0,3.0,0.0
25%,48.0,0.0,3.0,120.0,207.75,0.0,0.0,133.75,0.0,0.0,1.0,0.0,3.0,0.0
50%,55.5,1.0,3.5,130.0,245.0,0.0,2.0,153.5,0.0,0.8,2.0,0.0,3.0,0.0
75%,60.25,1.0,4.0,140.0,276.25,0.0,2.0,165.25,1.0,1.6,2.0,1.0,7.0,1.0
max,77.0,1.0,4.0,200.0,564.0,1.0,2.0,202.0,1.0,4.4,3.0,3.0,7.0,1.0
